Workbook
Name MaterialList: Materials!$A$2:$A$9

Sheet Jobs
A1: Job ID | B1: Customer ID | C1: Customer | D1: Status | E1: Quoted amount | F1: Paid | G1: Balance | H1: Due date | I1: Approved | J1: Material
A2: J-1001 | B2: C-008 | C2: =VLOOKUP(B2,Customers!A:B,2,FALSE) -> Harbor View Inn | D2: In progress | E2: 287.25 | F2: 0 | G2: =E2-F2 -> 287.25 | H2: 45203 | I2: TRUE | J2: Sand
A3: J-1002 | B3: C-003 | C3: =VLOOKUP(B3,Customers!A:B,2,FALSE) -> Cedar Mill Co-op | D3: Waiting | E3: 324.5 | F3: 162.25 | G3: =E3-F3 -> 162.25 | H3: 45206 | I3: TRUE | J3: Topsoil
A4: J-1003 | B4: C-010 | C4: =VLOOKUP(B4,Customers!A:B,2,FALSE) -> Juniper Farms | D4: Complete | E4: 361.75 | F4: 361.75 | G4: =E4-F4 -> 0 | H4: 45209 | I4: TRUE | J4: Mulch
A5: J-1004 | B5: C-005 | C5: =VLOOKUP(B5,Customers!A:B,2,FALSE) -> Elm Street Clinic | D5: Scheduled | E5: 398 | F5: 0 | G5: =E5-F5 -> 398 | H5: 45212 | I5: TRUE | J5: Pavers
A6: J-1005 | B6: C-012 | C6: =VLOOKUP(B6,Customers!A:B,2,FALSE) -> Linden Library | D6: In progress | E6: 435.25 | F6: 217.63 | G6: =E6-F6 -> 217.62 | H6: 45215 | I6: FALSE | J6: Timber
A7: J-1006 | B7: C-007 | C7: =VLOOKUP(B7,Customers!A:B,2,FALSE) -> Garnet Properties | D7: Waiting | E7: 472.5 | F7: 472.5 | G7: =E7-F7 -> 0 | H7: 45218 | I7: TRUE | J7: Fencing
A8: J-1007 | B8: C-002 | C8: =VLOOKUP(B8,Customers!A:B,2,FALSE) -> Bramble Yard Ltd | D8: Complete | E8: 509.75 | F8: 0 | G8: =E8-F8 -> 509.75 | H8: 45221 | I8: TRUE | J8: Seed mix
A9: J-1008 | B9: C-009 | C9: =VLOOKUP(B9,Customers!A:B,2,FALSE) -> Ivy Lane Bakery | D9: Scheduled | E9: TBD | F9: 0 | G9: =E9-F9 -> #VALUE! | H9: 45224 | I9: TRUE | J9: Gravel
A10: J-1009 | B10: C-004 | C10: =VLOOKUP(B10,Customers!A:B,2,FALSE) -> Dunmore Lot Trust | D10: In progress | E10: 583.25 | F10: 583.25 | G10: =E10-F10 -> 0 | H10: 45227 | I10: TRUE | J10: Sand
A11: J-1010 | B11: C-011 | C11: =VLOOKUP(B11,Customers!A:B,2,FALSE) -> Kestrel Storage | D11: Waiting | E11: 620.5 | F11: 0 | G11: =E11-F11 -> 620.5 | H11: 45230 | I11: FALSE | J11: Topsoil
A12: J-1011 | B12: C-006 | C12: =VLOOKUP(B12,Customers!A:B,2,FALSE) -> Fernhill School | D12: Complete | E12: 657.75 | F12: 328.88 | G12: =E12-F12 -> 328.87 | H12: 45233 | I12: TRUE | J12: Mulch
A13: J-1012 | B13: C-001 | C13: =VLOOKUP(B13,Customers!A:B,2,FALSE) -> Alder Court HOA | D13: Scheduled | E13: 694 | F13: 694 | G13: =E13-F13 -> 0 | H13: 45236 | I13: TRUE | J13: Pavers
A14: J-1013 | B14: C-008 | C14: =VLOOKUP(B14,Customers!A:B,2,FALSE) -> Harbor View Inn | D14: In progress | E14: 731.25 | F14: 0 | G14: =E14-F14 -> 731.25 | H14: 45239 | I14: TRUE | J14: Timber
A15: J-1014 | B15: C-003 | C15: =VLOOKUP(B15,Customers!A:B,2,FALSE) -> Cedar Mill Co-op | D15: Waiting | E15: 768.5 | F15: 384.25 | G15: =E15-F15 -> 384.25 | H15: 45242 | I15: TRUE | J15: Fencing
A16: J-1015 | B16: C-010 | C16: =VLOOKUP(B16,Customers!A:B,2,FALSE) -> Juniper Farms | D16: Complete | E16: 805.75 | F16: 805.75 | G16: =E16-F16 -> 0 | H16: 45245 | I16: FALSE | J16: Seed mix
A17: J-1016 | B17: C-013 | C17: =VLOOKUP(B17,Customers!A:B,2,FALSE) -> #N/A | D17: Scheduled | E17: 842 | F17: 0 | G17: =E17-F17 -> 842 | H17: 45248 | I17: TRUE | J17: Gravel
A18: J-1017 | B18: C-012 | C18: =VLOOKUP(B18,Customers!A:B,2,FALSE) -> Linden Library | D18: In progress | E18: 879.25 | F18: 439.63 | G18: =E18-F18 -> 439.62 | H18: 45251 | I18: TRUE | J18: Sand
A19: J-1018 | B19: C-007 | C19: =VLOOKUP(B19,Customers!A:B,2,FALSE) -> Garnet Properties | D19: Waiting | E19: 916.5 | F19: 916.5 | G19: =E19-F19 -> 0 | H19: 45254 | I19: TRUE | J19: Topsoil
A20: J-1019 | B20: C-002 | C20: =VLOOKUP(B20,Customers!A:B,2,FALSE) -> Bramble Yard Ltd | D20: Complete | E20: 953.75 | F20: 0 | G20: =E20-F20 -> 953.75 | H20: 45257 | I20: TRUE | J20: Mulch
A21: J-1020 | B21: C-009 | C21: =VLOOKUP(B21,Customers!A:B,2,FALSE) -> Ivy Lane Bakery | D21: Scheduled | E21: 990 | F21: 495 | G21: =E21-F21 -> 495 | H21: 45260 | I21: FALSE | J21: Pavers
... A30: J-1029 | B30: C-012 | C30: =VLOOKUP(B30,Customers!A:B,2,FALSE) -> Linden Library | D30: In progress | E30: 423.25 | F30: 211.63 | G30: =E30-F30 -> 211.62 | H30: 45287 | I30: TRUE | J30: Timber
A31: J-1030 | B31: C-007 | C31: =VLOOKUP(B31,Customers!A:B,2,FALSE) -> Garnet Properties | D31: Waiting | E31: TBD | F31: 0 | G31: =E31-F31 -> #VALUE! | H31: 45290 | I31: FALSE | J31: Fencing
A32: J-1031 | B32: C-002 | C32: =VLOOKUP(B32,Customers!A:B,2,FALSE) -> Bramble Yard Ltd | D32: Complete | E32: 497.75 | F32: 0 | G32: =E32-F32 -> 497.75 | H32: 45293 | I32: TRUE | J32: Seed mix
A33: J-1032 | B33: C-009 | C33: =VLOOKUP(B33,Customers!A:B,2,FALSE) -> Ivy Lane Bakery | D33: Scheduled | E33: 534 | F33: 267 | G33: =E33-F33 -> 267 | H33: 45296 | I33: TRUE | J33: Gravel
A34: J-1033 | B34: C-004 | C34: =VLOOKUP(B34,Customers!A:B,2,FALSE) -> Dunmore Lot Trust | D34: In progress | E34: 571.25 | F34: 571.25 | G34: =E34-F34 -> 0 | H34: 45299 | I34: TRUE | J34: Sand
A35: J-1034 | B35: C-011 | C35: =VLOOKUP(B35,Customers!A:B,2,FALSE) -> Kestrel Storage | D35: Waiting | E35: 608.5 | F35: 0 | G35: =E35-F35 -> 608.5 | H35: 45302 | I35: TRUE | J35: Topsoil
A36: J-1035 | B36: C-006 | C36: =VLOOKUP(B36,Customers!A:B,2,FALSE) -> Fernhill School | D36: Complete | E36: 645.75 | F36: 322.88 | G36: =E36-F36 -> 322.87 | H36: 45305 | I36: FALSE | J36: Mulch
A37: J-1036 | B37: C-001 | C37: =VLOOKUP(B37,Customers!A:B,2,FALSE) -> Alder Court HOA | D37: Scheduled | E37: 682 | F37: 682 | G37: =E37-F37 -> 0 | H37: 45308 | I37: TRUE | J37: Pavers
A38: J-1037 | B38: C-008 | C38: =VLOOKUP(B38,Customers!A:B,2,FALSE) -> Harbor View Inn | D38: In progress | E38: 719.25 | F38: 0 | G38: =E38-F38 -> 719.25 | H38: 45311 | I38: TRUE | J38: Timber
A39: J-1038 | B39: C-003 | C39: =VLOOKUP(B39,Customers!A:B,2,FALSE) -> Cedar Mill Co-op | D39: Waiting | E39: 756.5 | F39: 378.25 | G39: =E39-F39 -> 378.25 | H39: 45314 | I39: TRUE | J39: Fencing
A40: J-1039 | B40: C-010 | C40: =VLOOKUP(B40,Customers!A:B,2,FALSE) -> Juniper Farms | D40: Complete | E40: 793.75 | F40: 793.75 | G40: =E40-F40 -> 0 | H40: 45317 | I40: TRUE | J40: Seed mix
A41: J-1040 | B41: C-005 | C41: =VLOOKUP(B41,Customers!A:B,2,FALSE) -> Elm Street Clinic | D41: Scheduled | E41: 830 | F41: 0 | G41: =E41-F41 -> 830 | H41: 45320 | I41: FALSE | J41: Gravel
A42: J-1041 | B42: C-012 | C42: =VLOOKUP(B42,Customers!A:B,2,FALSE) -> Linden Library | D42: In progress | E42: 867.25 | F42: 433.63 | G42: =E42-F42 -> 433.62 | H42: 45323 | I42: TRUE | J42: Sand
A43: J-1042 | B43: C-013 | C43: =VLOOKUP(B43,Customers!A:B,2,FALSE) -> #N/A | D43: Waiting | E43: 904.5 | F43: 904.5 | G43: =E43-F43 -> 0 | H43: 45326 | I43: TRUE | J43: Topsoil
... A61: J-1060 | B61: C-001 | C61: =VLOOKUP(B61,Customers!A:B,2,FALSE) -> Alder Court HOA | D61: Scheduled | E61: 670 | F61: 670 | G61: =E61-F61 -> 0 | H61: 45380 | I61: FALSE | J61: Pavers

Sheet Customers
A1: Customer ID | B1: Name | C1: Phone | D1: Email
A2: C-001 | B2: Alder Court HOA | C2: 555-0110 | D2: alder.court.hoa@example.test
A3: C-002 | B3: Bramble Yard Ltd | C3: 555-0111 | D3: bramble.yard.ltd@example.test
A4: C-003 | B4: Cedar Mill Co-op | C4: 555-0112 | D4: cedar.mill.co.op@example.test
A5: C-004 | B5: Dunmore Lot Trust | C5: 555-0113 | D5: dunmore.lot.trust@example.test
A6: C-005 | B6: Elm Street Clinic | C6: 555-0114 | D6: elm.street.clinic@example.test
A7: C-006 | B7: Fernhill School | C7: 555-0115 | D7: fernhill.school@example.test
A8: C-007 | B8: Garnet Properties | C8: 555-0116 | D8: garnet.properties@example.test
A9: C-008 | B9: Harbor View Inn | C9: 555-0117 | D9: harbor.view.inn@example.test
A10: C-009 | B10: Ivy Lane Bakery | C10: 555-0118 | D10: ivy.lane.bakery@example.test
A11: C-010 | B11: Juniper Farms | C11: 555-0119 | D11: juniper.farms@example.test
A12: C-011 | B12: Kestrel Storage | C12: 555-0120 | D12: kestrel.storage@example.test
A13: C-012 | B13: Linden Library | C13: 555-0121 | D13: linden.library@example.test

Sheet Crew
A1: Cedar & Finch — Crew roster
A2: Report date | B2: 45566
A3: Prepared by Operations
A4: Name | B4: Role | C4: Phone | D4: Crew
A5: Crew member 1 | B5: Lead | C5: 555-0210 | D5: North
A6: Crew member 2 | B6: Technician | C6: 555-0211 | D6: South
A7: Crew member 3 | B7: Apprentice | C7: 555-0212 | D7: East
A8: Crew member 4 | B8: Driver | C8: 555-0213 | D8: West
A9: Crew member 5 | B9: Lead | C9: 555-0214 | D9: North
A10: Crew member 6 | B10: Technician | C10: 555-0215 | D10: South
A11: Crew member 7 | B11: Apprentice | C11: 555-0216 | D11: East
A12: Crew member 8 | B12: Driver | C12: 555-0217 | D12: West
A13: Crew member 9 | B13: Lead | C13: 555-0218 | D13: North
A14: Crew member 10 | B14: Technician | C14: 555-0219 | D14: South
A15: Crew member 11 | B15: Apprentice | C15: 555-0220 | D15: East
... A40: Crew member 34 | B40: Technician | C40: 555-0243 | D40: South

Sheet Visits
A1: Visit ID | B1: Job ID | C1: Visit date | D1: Notes
A2: V-2001 | B2: J-1001 | C2: 45190 | D2: Gate code needed
A3: V-2002 | B3: J-1012 | C3: 45192 | D3: Measured site
A4: V-2003 | B4: J-1023 | C4: 45194 | D4: Follow-up booked
A5: V-2004 | B5: J-1034 | C5: 45196 | D5: Gate code needed
A6: V-2005 | B6: J-1045 | C6: 45198 | D6: Measured site
A7: V-2006 | B7: J-1056 | C7: 45200 | D7: Follow-up booked
A8: V-2007 | B8: J-1007 | C8: 45202 | D8: Gate code needed
A9: V-2008 | B9: J-1018 | C9: 45204 | D9: Measured site
A10: V-2009 | B10: J-1029 | C10: 45206 | D10: Follow-up booked
A11: V-2010 | B11: J-1040 | C11: 45208 | D11: Gate code needed
A12: V-2011 | B12: J-1051 | C12: 45210 | D12: Measured site
A13: V-2012 | B13: J-1002 | C13: 45212 | D13: Follow-up booked
... A41: V-2040 | B41: J-1010 | C41: 45268 | D41: Gate code needed

Sheet Materials
A1: Material
A2: Gravel
A3: Sand
A4: Topsoil
A5: Mulch
A6: Pavers
A7: Timber
A8: Fencing
A9: Seed mix

Sheet Overview
A1: Fieldwork Q3 overview
A3: Open jobs | B3: =COUNTIF(Jobs!D2:D61,"In progress") -> 15
A4: Quoted total | B4: =SUM(Jobs!E2:E61) -> 38526
A5: Paid total | B5: =SUM(Jobs!F2:F61) -> 19772.8
A6: Balance | B6: =B4-B5 -> 18753.2

Sheet Archive 2018
A1: Job ID | B1: Customer | C1: Amount | D1: Closed
A2: A-10000 | B2: Alder Court HOA | C2: 100 | D2: 43101
A3: A-10001 | B3: Bramble Yard Ltd | C3: 113.25 | D3: 43102
A4: A-10002 | B4: Cedar Mill Co-op | C4: 126.5 | D4: 43103
A5: A-10003 | B5: Dunmore Lot Trust | C5: 139.75 | D5: 43104
A6: A-10004 | B6: Elm Street Clinic | C6: 153 | D6: 43105
A7: A-10005 | B7: Fernhill School | C7: 166.25 | D7: 43106
A8: A-10006 | B8: Garnet Properties | C8: 179.5 | D8: 43107
A9: A-10007 | B9: Harbor View Inn | C9: 192.75 | D9: 43108
A10: A-10008 | B10: Ivy Lane Bakery | C10: 206 | D10: 43109
A11: A-10009 | B11: Juniper Farms | C11: 219.25 | D11: 43110
A12: A-10010 | B12: Kestrel Storage | C12: 232.5 | D12: 43111
A13: A-10011 | B13: Linden Library | C13: 245.75 | D13: 43112
... A2001: A-11999 | B2001: Harbor View Inn | C2001: 586.75 | D2001: 43275
